<?xml version="1.0" encoding="UTF-8"?>
<!-- Copyright ETS-Soft -->
<slides><slide obj="MLS_Slide" id_slide="2" image="slider1.jpg" repeat_x="0" repeat_y="0" sort_order="1" backgroud_color="#f5f5f2" custom_class="text-center" enabled="1" animation_in="fadeIn" animation_out="fadeOut" title="Slide 1" link_img="/ebusinessdemo/modules/ets_multilayerslider/views/img/upload/slider1.jpg" max_layer_in="4000" max_layer_out="1200"><layers><layer obj="MLS_Layer" id_slide="2" layer_type="image" font_size="30.00" text_color="#222222" custom_class="" background_color="#F3F3F3" background_opacity="1.00" font_family="" font_weight="normal" text_decoration="none" text_transform="none" padding="5px 10px" box_radius="20" top="278.28" left="569.18" right="0.00" top_right="0.00" animation_in="fadeIn" animation_out="fadeOut" width="" height="" sort_order="1" move_in="1000" move_out="1000" stand_duration="0" start_delay="3000" image="73add297a4-square.png" content_layer="" link="" link_image="/ebusinessdemo/modules/ets_multilayerslider/views/img/upload/73add297a4-square.png"/><layer obj="MLS_Layer" id_slide="2" layer_type="text" font_size="25.00" text_color="#ec4249" custom_class="custom_theme" background_color="#F3F3F3" background_opacity="1.00" font_family="Lato" font_weight="bold" text_decoration="none" text_transform="uppercase" padding="5px 10px" box_radius="20" top="318.92" left="441.47" right="0.00" top_right="0.00" animation_in="fadeInLeft" animation_out="fadeOutLeft" width="" height="" sort_order="2" move_in="1000" move_out="500" stand_duration="0" start_delay="0" image="" content_layer="Special" link="" link_image="/ebusinessdemo/modules/ets_multilayerslider/views/img/upload/"/><layer obj="MLS_Layer" id_slide="2" layer_type="text" font_size="25.00" text_color="#dddddd" custom_class="" background_color="#F3F3F3" background_opacity="1.00" font_family="Lato" font_weight="bold" text_decoration="none" text_transform="uppercase" padding="5px 10px" box_radius="20" top="318.96" left="551.76" right="0.00" top_right="0.00" animation_in="slideInRight" animation_out="slideOutRight" width="" height="" sort_order="3" move_in="1000" move_out="500" stand_duration="0" start_delay="0" image="" content_layer="promotion" link="" link_image="/ebusinessdemo/modules/ets_multilayerslider/views/img/upload/"/><layer obj="MLS_Layer" id_slide="2" layer_type="text" font_size="18.00" text_color="#dddddd" custom_class="" background_color="#ec4249" background_opacity="1.00" font_family="Lato" font_weight="normal" text_decoration="none" text_transform="none" padding="10px 20px" box_radius="20" top="363.59" left="393.30" right="0.00" top_right="0.00" animation_in="slideInRight" animation_out="slideOutRight" width="" height="" sort_order="4" move_in="1000" move_out="700" stand_duration="500" start_delay="900" image="" content_layer="Save up to 20% for your first order! Hurry up...&lt;br /&gt;&#10;Because time is limited..!" link="#" link_image="/ebusinessdemo/modules/ets_multilayerslider/views/img/upload/"/><layer obj="MLS_Layer" id_slide="2" layer_type="link" font_size="16.00" text_color="#ec4249" custom_class="custom_theme" background_color="#F3F3F3" background_opacity="1.00" font_family="Lato" font_weight="normal" text_decoration="underline" text_transform="none" padding="5px 10px" box_radius="20" top="433.45" left="615.02" right="0.00" top_right="0.00" animation_in="zoomIn" animation_out="zoomOut" width="" height="" sort_order="5" move_in="1000" move_out="500" stand_duration="500" start_delay="2500" image="" content_layer="Start shopping now &amp;gt;&amp;gt;" link="http://demo.etssoft.net/ebusinessdemo/en/prices-drop" link_image="/ebusinessdemo/modules/ets_multilayerslider/views/img/upload/"/></layers></slide><slide obj="MLS_Slide" id_slide="4" image="slide12.jpg" repeat_x="0" repeat_y="0" sort_order="2" backgroud_color="#222222" custom_class="" enabled="1" animation_in="zoomInFlipHoriz" animation_out="fadeOut" title="slider 12" link_img="/ebusinessdemo/modules/ets_multilayerslider/views/img/upload/slide12.jpg" max_layer_in="2500" max_layer_out="2500"><layers><layer obj="MLS_Layer" id_slide="4" layer_type="image" font_size="30.00" text_color="#222222" custom_class="" background_color="#F3F3F3" background_opacity="1.00" font_family="" font_weight="normal" text_decoration="none" text_transform="none" padding="5px 10px" box_radius="20" top="275.00" left="1309.00" right="0.00" top_right="0.00" animation_in="fadeIn" animation_out="fadeOut" width="" height="" sort_order="1" move_in="1000" move_out="1500" stand_duration="1000" start_delay="1500" image="7c9cad222d-53_73add297a4-square.png" content_layer="" link="" link_image="/ebusinessdemo/modules/ets_multilayerslider/views/img/upload/7c9cad222d-53_73add297a4-square.png"/><layer obj="MLS_Layer" id_slide="4" layer_type="text" font_size="25.00" text_color="#ec4249" custom_class="main_color" background_color="#F3F3F3" background_opacity="1.00" font_family="" font_weight="bold" text_decoration="none" text_transform="uppercase" padding="5px 10px" box_radius="20" top="319.74" left="1190.00" right="0.00" top_right="0.00" animation_in="fadeInLeft" animation_out="fadeOutLeft" width="" height="" sort_order="2" move_in="1000" move_out="500" stand_duration="0" start_delay="0" image="" content_layer="Shoes" link="" link_image="/ebusinessdemo/modules/ets_multilayerslider/views/img/upload/"/><layer obj="MLS_Layer" id_slide="4" layer_type="text" font_size="25.00" text_color="#ffffff" custom_class="" background_color="#F3F3F3" background_opacity="1.00" font_family="" font_weight="bold" text_decoration="none" text_transform="uppercase" padding="5px 10px" box_radius="20" top="319.74" left="1284.19" right="0.00" top_right="0.00" animation_in="fadeInRight" animation_out="fadeOutRight" width="" height="" sort_order="3" move_in="1000" move_out="500" stand_duration="0" start_delay="0" image="" content_layer="collection" link="" link_image="/ebusinessdemo/modules/ets_multilayerslider/views/img/upload/"/><layer obj="MLS_Layer" id_slide="4" layer_type="text" font_size="18.00" text_color="#dddddd" custom_class="text-center" background_color="#F3F3F3" background_opacity="1.00" font_family="" font_weight="normal" text_decoration="none" text_transform="none" padding="5px 10px" box_radius="20" top="364.56" left="1171.90" right="0.00" top_right="0.00" animation_in="fadeInUp" animation_out="fadeOutRight" width="" height="" sort_order="4" move_in="1000" move_out="500" stand_duration="500" start_delay="0" image="" content_layer="New arrivals with unlimited discount...&lt;br /&gt;&#10;Hurry up!..." link="" link_image="/ebusinessdemo/modules/ets_multilayerslider/views/img/upload/"/><layer obj="MLS_Layer" id_slide="4" layer_type="link" font_size="18.00" text_color="#ec4249" custom_class="main_color" background_color="#F3F3F3" background_opacity="1.00" font_family="" font_weight="normal" text_decoration="underline" text_transform="none" padding="5px 10px" box_radius="20" top="426.94" left="1348.29" right="0.00" top_right="0.00" animation_in="zoomIn" animation_out="zoomOut" width="" height="" sort_order="5" move_in="1000" move_out="500" stand_duration="1000" start_delay="1000" image="" content_layer="Start shopping now &amp;gt;&amp;gt;" link="http://demo.etssoft.net/ebusinessdemo/en/4-fashion" link_image="/ebusinessdemo/modules/ets_multilayerslider/views/img/upload/"/></layers></slide><slide obj="MLS_Slide" id_slide="5" image="slide13.jpg" repeat_x="0" repeat_y="0" sort_order="3" backgroud_color="#f5f5f2" custom_class="text-center" enabled="1" animation_in="slideInRight" animation_out="fadeOut" title="Slide 13" link_img="/ebusinessdemo/modules/ets_multilayerslider/views/img/upload/slide13.jpg" max_layer_in="4000" max_layer_out="1200"><layers><layer obj="MLS_Layer" id_slide="5" layer_type="image" font_size="30.00" text_color="#222222" custom_class="" background_color="#F3F3F3" background_opacity="1.00" font_family="" font_weight="normal" text_decoration="none" text_transform="none" padding="5px 10px" box_radius="20" top="278.28" left="569.18" right="0.00" top_right="0.00" animation_in="fadeIn" animation_out="fadeOut" width="" height="" sort_order="2" move_in="1000" move_out="1000" stand_duration="0" start_delay="3000" image="53_73add297a4-square.png" content_layer="" link="" link_image="/ebusinessdemo/modules/ets_multilayerslider/views/img/upload/53_73add297a4-square.png"/><layer obj="MLS_Layer" id_slide="5" layer_type="text" font_size="25.00" text_color="#ec4249" custom_class="custom_theme" background_color="#F3F3F3" background_opacity="1.00" font_family="Lato" font_weight="bold" text_decoration="none" text_transform="uppercase" padding="5px 10px" box_radius="20" top="318.92" left="430.47" right="0.00" top_right="0.00" animation_in="fadeInLeft" animation_out="fadeOutLeft" width="" height="" sort_order="3" move_in="1000" move_out="500" stand_duration="0" start_delay="0" image="" content_layer="Fashion" link="" link_image="/ebusinessdemo/modules/ets_multilayerslider/views/img/upload/"/><layer obj="MLS_Layer" id_slide="5" layer_type="text" font_size="25.00" text_color="#dddddd" custom_class="" background_color="#F3F3F3" background_opacity="1.00" font_family="Lato" font_weight="bold" text_decoration="none" text_transform="uppercase" padding="5px 10px" box_radius="20" top="318.96" left="551.76" right="0.00" top_right="0.00" animation_in="slideInRight" animation_out="slideOutRight" width="" height="" sort_order="5" move_in="1000" move_out="500" stand_duration="0" start_delay="0" image="" content_layer="Hand bag" link="" link_image="/ebusinessdemo/modules/ets_multilayerslider/views/img/upload/"/><layer obj="MLS_Layer" id_slide="5" layer_type="text" font_size="18.00" text_color="#dddddd" custom_class="" background_color="#ec4249" background_opacity="1.00" font_family="Lato" font_weight="normal" text_decoration="none" text_transform="none" padding="10px 20px" box_radius="20" top="366.29" left="431.26" right="0.00" top_right="0.00" animation_in="slideInRight" animation_out="slideOutRight" width="" height="" sort_order="6" move_in="1000" move_out="700" stand_duration="500" start_delay="900" image="" content_layer="Discover our sesional handbags&lt;br /&gt;&#10;Special offers...!" link="#" link_image="/ebusinessdemo/modules/ets_multilayerslider/views/img/upload/"/><layer obj="MLS_Layer" id_slide="5" layer_type="link" font_size="16.00" text_color="#ec4249" custom_class="custom_theme" background_color="#F3F3F3" background_opacity="1.00" font_family="Lato" font_weight="normal" text_decoration="underline" text_transform="none" padding="5px 10px" box_radius="20" top="433.45" left="615.02" right="0.00" top_right="0.00" animation_in="zoomIn" animation_out="zoomOut" width="" height="" sort_order="7" move_in="1000" move_out="500" stand_duration="500" start_delay="2500" image="" content_layer="Start shopping now &amp;gt;&amp;gt;" link="demo.etssoft.net/ebusinessdemo/en/7-blouses" link_image="/ebusinessdemo/modules/ets_multilayerslider/views/img/upload/"/></layers></slide><slide obj="MLS_Slide" id_slide="6" image="slide-21.jpg" repeat_x="0" repeat_y="0" sort_order="4" backgroud_color="#f5f5f2" custom_class="text-center" enabled="1" animation_in="fadeIn" animation_out="fadeOut" title="Slide 2" link_img="/ebusinessdemo/modules/ets_multilayerslider/views/img/upload/slide-21.jpg" max_layer_in="4000" max_layer_out="1200"><layers><layer obj="MLS_Layer" id_slide="6" layer_type="image" font_size="30.00" text_color="#222222" custom_class="" background_color="#F3F3F3" background_opacity="1.00" font_family="" font_weight="normal" text_decoration="none" text_transform="none" padding="5px 10px" box_radius="20" top="218.98" left="1237.81" right="0.00" top_right="0.00" animation_in="fadeIn" animation_out="fadeOut" width="" height="" sort_order="3" move_in="1000" move_out="1000" stand_duration="0" start_delay="3000" image="59_44_square.png" content_layer="" link="" link_image="/ebusinessdemo/modules/ets_multilayerslider/views/img/upload/59_44_square.png"/><layer obj="MLS_Layer" id_slide="6" layer_type="text" font_size="26.00" text_color="#ec4249" custom_class="custom_theme" background_color="#F3F3F3" background_opacity="1.00" font_family="Lato" font_weight="bold" text_decoration="none" text_transform="uppercase" padding="5px 10px" box_radius="20" top="257.75" left="1113.08" right="0.00" top_right="0.00" animation_in="fadeInLeft" animation_out="fadeOutLeft" width="" height="" sort_order="4" move_in="1000" move_out="500" stand_duration="0" start_delay="0" image="" content_layer="Men's" link="" link_image="/ebusinessdemo/modules/ets_multilayerslider/views/img/upload/"/><layer obj="MLS_Layer" id_slide="6" layer_type="text" font_size="26.00" text_color="#222222" custom_class="" background_color="#F3F3F3" background_opacity="1.00" font_family="Lato" font_weight="bold" text_decoration="none" text_transform="uppercase" padding="5px 10px" box_radius="20" top="257.75" left="1207.69" right="0.00" top_right="0.00" animation_in="slideInRight" animation_out="slideOutRight" width="" height="" sort_order="7" move_in="1000" move_out="500" stand_duration="0" start_delay="0" image="" content_layer="New arivals" link="" link_image="/ebusinessdemo/modules/ets_multilayerslider/views/img/upload/"/><layer obj="MLS_Layer" id_slide="6" layer_type="text" font_size="18.00" text_color="#222222" custom_class="" background_color="#ec4249" background_opacity="1.00" font_family="Lato" font_weight="normal" text_decoration="none" text_transform="none" padding="10px 20px" box_radius="20" top="303.25" left="1061.77" right="0.00" top_right="0.00" animation_in="slideInRight" animation_out="slideOutRight" width="" height="" sort_order="8" move_in="1000" move_out="700" stand_duration="500" start_delay="900" image="" content_layer="Save up to 20% for your first order! Hurry up...&lt;br /&gt;&#10;Because time is limited..!" link="#" link_image="/ebusinessdemo/modules/ets_multilayerslider/views/img/upload/"/><layer obj="MLS_Layer" id_slide="6" layer_type="link" font_size="16.00" text_color="#ec4249" custom_class="custom_theme" background_color="#F3F3F3" background_opacity="1.00" font_family="Lato" font_weight="normal" text_decoration="underline" text_transform="none" padding="5px 10px" box_radius="20" top="373.15" left="1285.35" right="0.00" top_right="0.00" animation_in="zoomIn" animation_out="zoomOut" width="" height="" sort_order="9" move_in="1000" move_out="500" stand_duration="500" start_delay="2500" image="" content_layer="Start shopping now &amp;gt;&amp;gt;" link="http://demo.etssoft.net/ebusinessdemo/en/prices-drop" link_image="/ebusinessdemo/modules/ets_multilayerslider/views/img/upload/"/></layers></slide><slide obj="MLS_Slide" id_slide="3" image="3_slider1.jpg" repeat_x="0" repeat_y="0" sort_order="5" backgroud_color="#f5f5f2" custom_class="text-center" enabled="1" animation_in="fadeInLeft" animation_out="fadeOut" title="Slide 22" link_img="/ebusinessdemo/modules/ets_multilayerslider/views/img/upload/3_slider1.jpg" max_layer_in="4000" max_layer_out="1200"><layers><layer obj="MLS_Layer" id_slide="3" layer_type="image" font_size="30.00" text_color="#222222" custom_class="" background_color="#F3F3F3" background_opacity="1.00" font_family="" font_weight="normal" text_decoration="none" text_transform="none" padding="5px 10px" box_radius="20" top="218.98" left="1037.81" right="0.00" top_right="0.00" animation_in="fadeIn" animation_out="fadeOut" width="" height="" sort_order="2" move_in="1000" move_out="1000" stand_duration="0" start_delay="3000" image="44_square.png" content_layer="" link="" link_image="/ebusinessdemo/modules/ets_multilayerslider/views/img/upload/44_square.png"/><layer obj="MLS_Layer" id_slide="3" layer_type="text" font_size="26.00" text_color="#ec4249" custom_class="custom_theme" background_color="#F3F3F3" background_opacity="1.00" font_family="Lato" font_weight="bold" text_decoration="none" text_transform="uppercase" padding="5px 10px" box_radius="20" top="257.75" left="907.67" right="0.00" top_right="0.00" animation_in="fadeInLeft" animation_out="fadeOutLeft" width="" height="" sort_order="3" move_in="1000" move_out="500" stand_duration="0" start_delay="0" image="" content_layer="Special" link="" link_image="/ebusinessdemo/modules/ets_multilayerslider/views/img/upload/"/><layer obj="MLS_Layer" id_slide="3" layer_type="text" font_size="26.00" text_color="#222222" custom_class="" background_color="#F3F3F3" background_opacity="1.00" font_family="Lato" font_weight="bold" text_decoration="none" text_transform="uppercase" padding="5px 10px" box_radius="20" top="257.75" left="1017.69" right="0.00" top_right="0.00" animation_in="slideInRight" animation_out="slideOutRight" width="" height="" sort_order="5" move_in="1000" move_out="500" stand_duration="0" start_delay="0" image="" content_layer="promotion" link="" link_image="/ebusinessdemo/modules/ets_multilayerslider/views/img/upload/"/><layer obj="MLS_Layer" id_slide="3" layer_type="text" font_size="18.00" text_color="#222222" custom_class="" background_color="#ec4249" background_opacity="1.00" font_family="Lato" font_weight="normal" text_decoration="none" text_transform="none" padding="10px 20px" box_radius="20" top="303.25" left="861.77" right="0.00" top_right="0.00" animation_in="slideInRight" animation_out="slideOutRight" width="" height="" sort_order="6" move_in="1000" move_out="700" stand_duration="500" start_delay="900" image="" content_layer="Save up to 20% for your first order! Hurry up...&lt;br /&gt;&#10;Because time is limited..!" link="#" link_image="/ebusinessdemo/modules/ets_multilayerslider/views/img/upload/"/><layer obj="MLS_Layer" id_slide="3" layer_type="link" font_size="16.00" text_color="#ec4249" custom_class="custom_theme" background_color="#F3F3F3" background_opacity="1.00" font_family="Lato" font_weight="normal" text_decoration="underline" text_transform="none" padding="5px 10px" box_radius="20" top="373.15" left="1085.35" right="0.00" top_right="0.00" animation_in="zoomIn" animation_out="zoomOut" width="" height="" sort_order="7" move_in="1000" move_out="500" stand_duration="500" start_delay="2500" image="" content_layer="Start shopping now &amp;gt;&amp;gt;" link="http://demo.etssoft.net/ebusinessdemo/en/prices-drop" link_image="/ebusinessdemo/modules/ets_multilayerslider/views/img/upload/"/></layers></slide><slide obj="MLS_Slide" id_slide="7" image="slide-23.jpg" repeat_x="0" repeat_y="0" sort_order="6" backgroud_color="#f5f5f2" custom_class="text-center" enabled="1" animation_in="fadeIn" animation_out="fadeOut" title="Slide 23" link_img="/ebusinessdemo/modules/ets_multilayerslider/views/img/upload/slide-23.jpg" max_layer_in="4000" max_layer_out="1200"><layers><layer obj="MLS_Layer" id_slide="7" layer_type="image" font_size="30.00" text_color="#222222" custom_class="" background_color="#F3F3F3" background_opacity="1.00" font_family="" font_weight="normal" text_decoration="none" text_transform="none" padding="5px 10px" box_radius="20" top="218.98" left="1037.81" right="0.00" top_right="0.00" animation_in="fadeIn" animation_out="fadeOut" width="" height="" sort_order="4" move_in="1000" move_out="1000" stand_duration="0" start_delay="3000" image="64_59_44_square.png" content_layer="" link="" link_image="/ebusinessdemo/modules/ets_multilayerslider/views/img/upload/64_59_44_square.png"/><layer obj="MLS_Layer" id_slide="7" layer_type="text" font_size="26.00" text_color="#ec4249" custom_class="custom_theme" background_color="#F3F3F3" background_opacity="1.00" font_family="Lato" font_weight="bold" text_decoration="none" text_transform="uppercase" padding="5px 10px" box_radius="20" top="257.75" left="924.65" right="0.00" top_right="0.00" animation_in="fadeInLeft" animation_out="fadeOutLeft" width="" height="" sort_order="5" move_in="1000" move_out="500" stand_duration="0" start_delay="0" image="" content_layer="Men's" link="" link_image="/ebusinessdemo/modules/ets_multilayerslider/views/img/upload/"/><layer obj="MLS_Layer" id_slide="7" layer_type="text" font_size="26.00" text_color="#222222" custom_class="" background_color="#F3F3F3" background_opacity="1.00" font_family="Lato" font_weight="bold" text_decoration="none" text_transform="uppercase" padding="5px 10px" box_radius="20" top="257.75" left="1017.69" right="0.00" top_right="0.00" animation_in="slideInRight" animation_out="slideOutRight" width="" height="" sort_order="9" move_in="1000" move_out="500" stand_duration="0" start_delay="0" image="" content_layer="new arrivals" link="" link_image="/ebusinessdemo/modules/ets_multilayerslider/views/img/upload/"/><layer obj="MLS_Layer" id_slide="7" layer_type="text" font_size="18.00" text_color="#222222" custom_class="" background_color="#ec4249" background_opacity="1.00" font_family="Lato" font_weight="normal" text_decoration="none" text_transform="none" padding="10px 20px" box_radius="20" top="303.25" left="861.77" right="0.00" top_right="0.00" animation_in="slideInRight" animation_out="slideOutRight" width="" height="" sort_order="10" move_in="1000" move_out="700" stand_duration="500" start_delay="900" image="" content_layer="Save up to 20% for your first order! Hurry up...&lt;br /&gt;&#10;Because time is limited..!" link="#" link_image="/ebusinessdemo/modules/ets_multilayerslider/views/img/upload/"/><layer obj="MLS_Layer" id_slide="7" layer_type="link" font_size="16.00" text_color="#ec4249" custom_class="custom_theme" background_color="#F3F3F3" background_opacity="1.00" font_family="Lato" font_weight="normal" text_decoration="underline" text_transform="none" padding="5px 10px" box_radius="20" top="373.15" left="1085.35" right="0.00" top_right="0.00" animation_in="zoomIn" animation_out="zoomOut" width="" height="" sort_order="11" move_in="1000" move_out="500" stand_duration="500" start_delay="2500" image="" content_layer="Start shopping now &amp;gt;&amp;gt;" link="http://demo.etssoft.net/ebusinessdemo/en/prices-drop" link_image="/ebusinessdemo/modules/ets_multilayerslider/views/img/upload/"/></layers></slide></slides>
