<?xml version="1.0" encoding="UTF-8"?>
<!-- Copyright ETS-Soft -->
<menus><menu id_menu="1" sort_order="1" enabled="1" id_cms="0" id_manufacturer="0" id_category="0" link_type="HOME" sub_menu_type="LEFT" sub_menu_max_width="70" custom_class="home_layout_menu" bubble_text_color="#ffffff" bubble_background_color="#FC4444" title="Home" link="" bubble_text="" menu_link="http://demo.etssoft.net/ebusinessdemo/en/"><columns/></menu><menu id_menu="2" sort_order="2" enabled="1" id_cms="0" id_manufacturer="0" id_category="4" link_type="CATEGORY" sub_menu_type="FULL" sub_menu_max_width="100" custom_class="" bubble_text_color="#ffffff" bubble_background_color="#FC4444" title="Fashion" link="" bubble_text="" menu_link="http://demo.etssoft.net/ebusinessdemo/en/4-fashion"><columns><column id_menu="2" is_breaker="0" column_size="3" sort_order="1"><blocks><block id_column="1" block_type="CATEGORY" image="" sort_order="1" enabled="1" id_categories="5,6,7,10,11" id_manufacturers="" id_products="" id_cmss="" display_title="1" title="Lorem ipsum" title_link="" content="&lt;ul&gt;&#13;&#10;                    &lt;li&gt;&#13;&#10;                &lt;a href=&quot;#&quot;&gt;Blouses&lt;/a&gt;&#13;&#10;                            &lt;/li&gt;&#13;&#10;                    &lt;li&gt;&#13;&#10;                &lt;a href=&quot;#&quot;&gt;Casual Dresses&lt;/a&gt;&#13;&#10;                            &lt;/li&gt;&#13;&#10;                    &lt;li&gt;&#13;&#10;                &lt;a href=&quot;#&quot;&gt;Dresses&lt;/a&gt;&#13;&#10;                            &lt;/li&gt;&#13;&#10;                    &lt;li&gt;&#13;&#10;                &lt;a href=&quot;#&quot;&gt;T-shirts&lt;/a&gt;&#13;&#10;                            &lt;/li&gt;&#13;&#10;                    &lt;li&gt;&#13;&#10;                &lt;a href=&quot;#&quot;&gt;Tops&lt;/a&gt;&#13;&#10;                            &lt;/li&gt;&#13;&#10;            &lt;/ul&gt;" image_link=""/><block id_column="1" block_type="HTML" image="" sort_order="2" enabled="1" id_categories="" id_manufacturers="" id_products="" id_cmss="" display_title="1" title="Lorem ipsum" title_link="" content="&lt;ul&gt;&#13;&#10;                    &lt;li&gt;&#13;&#10;                &lt;a href=&quot;#&quot;&gt;Blouses&lt;/a&gt;&#13;&#10;                            &lt;/li&gt;&#13;&#10;                    &lt;li&gt;&#13;&#10;                &lt;a href=&quot;#&quot;&gt;Casual Dresses&lt;/a&gt;&#13;&#10;                            &lt;/li&gt;&#13;&#10;                    &lt;li&gt;&#13;&#10;                &lt;a href=&quot;#&quot;&gt;Dresses&lt;/a&gt;&#13;&#10;                            &lt;/li&gt;&#13;&#10;                    &lt;li&gt;&#13;&#10;                &lt;a href=&quot;#&quot;&gt;T-shirts&lt;/a&gt;&#13;&#10;                            &lt;/li&gt;&#13;&#10;                    &lt;li&gt;&#13;&#10;                &lt;a href=&quot;#&quot;&gt;Tops&lt;/a&gt;&#13;&#10;                            &lt;/li&gt;&#13;&#10;            &lt;/ul&gt;" image_link=""/></blocks></column><column id_menu="2" is_breaker="0" column_size="3" sort_order="2"><blocks><block id_column="2" block_type="CATEGORY" image="" sort_order="1" enabled="1" id_categories="6,7,9,10,11" id_manufacturers="" id_products="" id_cmss="" display_title="1" title="Lorem ipsum" title_link="" content="&lt;ul&gt;&#13;&#10;                    &lt;li&gt;&#13;&#10;                &lt;a href=&quot;#&quot;&gt;Blouses&lt;/a&gt;&#13;&#10;                            &lt;/li&gt;&#13;&#10;                    &lt;li&gt;&#13;&#10;                &lt;a href=&quot;#&quot;&gt;Casual Dresses&lt;/a&gt;&#13;&#10;                            &lt;/li&gt;&#13;&#10;                    &lt;li&gt;&#13;&#10;                &lt;a href=&quot;#&quot;&gt;Dresses&lt;/a&gt;&#13;&#10;                            &lt;/li&gt;&#13;&#10;                    &lt;li&gt;&#13;&#10;                &lt;a href=&quot;#&quot;&gt;T-shirts&lt;/a&gt;&#13;&#10;                            &lt;/li&gt;&#13;&#10;                    &lt;li&gt;&#13;&#10;                &lt;a href=&quot;#&quot;&gt;Tops&lt;/a&gt;&#13;&#10;                            &lt;/li&gt;&#13;&#10;            &lt;/ul&gt;" image_link=""/><block id_column="2" block_type="HTML" image="" sort_order="2" enabled="1" id_categories="" id_manufacturers="" id_products="" id_cmss="" display_title="1" title="Lorem ipsum" title_link="" content="&lt;ul&gt;&#13;&#10;                    &lt;li&gt;&#13;&#10;                &lt;a href=&quot;#&quot;&gt;Blouses&lt;/a&gt;&#13;&#10;                            &lt;/li&gt;&#13;&#10;                    &lt;li&gt;&#13;&#10;                &lt;a href=&quot;#&quot;&gt;Casual Dresses&lt;/a&gt;&#13;&#10;                            &lt;/li&gt;&#13;&#10;                    &lt;li&gt;&#13;&#10;                &lt;a href=&quot;#&quot;&gt;Dresses&lt;/a&gt;&#13;&#10;                            &lt;/li&gt;&#13;&#10;                    &lt;li&gt;&#13;&#10;                &lt;a href=&quot;#&quot;&gt;T-shirts&lt;/a&gt;&#13;&#10;                            &lt;/li&gt;&#13;&#10;                    &lt;li&gt;&#13;&#10;                &lt;a href=&quot;#&quot;&gt;Tops&lt;/a&gt;&#13;&#10;                            &lt;/li&gt;&#13;&#10;            &lt;/ul&gt;" image_link=""/></blocks></column><column id_menu="2" is_breaker="0" column_size="6" sort_order="3"><blocks><block id_column="3" block_type="PRODUCT" image="" sort_order="1" enabled="1" id_categories="" id_manufacturers="" id_products="10,2" id_cmss="" display_title="1" title="Top products" title_link="" content="" image_link=""/></blocks></column></columns></menu><menu id_menu="3" sort_order="3" enabled="1" id_cms="0" id_manufacturer="0" id_category="0" link_type="CUSTOM" sub_menu_type="FULL" sub_menu_max_width="100" custom_class="" bubble_text_color="#ffffff" bubble_background_color="#FC4444" title="Shoes &amp; Bags" link="#" bubble_text="" menu_link="#"><columns/></menu><menu id_menu="4" sort_order="4" enabled="1" id_cms="0" id_manufacturer="0" id_category="0" link_type="CUSTOM" sub_menu_type="FULL" sub_menu_max_width="100" custom_class="" bubble_text_color="#ffffff" bubble_background_color="#FC4444" title="Blog" link="http://demo.etssoft.net/ebusinessdemo/blog" bubble_text="" menu_link="http://demo.etssoft.net/ebusinessdemo/blog"><columns/></menu></menus>
