<?xml version="1.0" encoding="UTF-8"?>
<!-- Copyright ETS-Soft -->
<menus><menu id_menu="15" sort_order="1" enabled="1" id_cms="0" id_manufacturer="0" id_category="0" link_type="HOME" sub_menu_type="LEFT" sub_menu_max_width="70" custom_class="home_layout_menu" bubble_text_color="#ffffff" bubble_background_color="#FC4444" title="Home" link="" bubble_text="" menu_link="https://etssoft.net/preview/themes/jewelry/en/"><columns/></menu><menu id_menu="16" sort_order="2" enabled="1" id_cms="0" id_manufacturer="0" id_category="4" link_type="CATEGORY" sub_menu_type="FULL" sub_menu_max_width="100" custom_class="" bubble_text_color="#ffffff" bubble_background_color="#FC4444" title="Rings" link="" bubble_text="" menu_link="https://etssoft.net/preview/themes/jewelry/en/4-tops"><columns><column id_menu="16" is_breaker="0" column_size="4" sort_order="1"><blocks><block id_column="21" block_type="CATEGORY" image="" sort_order="1" enabled="1" id_categories="5,6,7,10,11" id_manufacturers="" id_products="" id_cmss="" display_title="1" title="Men’s Rings" title_link="" content="&lt;ul&gt;&#13;&#10;                    &lt;li&gt;&#13;&#10;                &lt;a href=&quot;#&quot;&gt;Blouses&lt;/a&gt;&#13;&#10;                            &lt;/li&gt;&#13;&#10;                    &lt;li&gt;&#13;&#10;                &lt;a href=&quot;#&quot;&gt;Casual Dresses&lt;/a&gt;&#13;&#10;                            &lt;/li&gt;&#13;&#10;                    &lt;li&gt;&#13;&#10;                &lt;a href=&quot;#&quot;&gt;Dresses&lt;/a&gt;&#13;&#10;                            &lt;/li&gt;&#13;&#10;                    &lt;li&gt;&#13;&#10;                &lt;a href=&quot;#&quot;&gt;T-shirts&lt;/a&gt;&#13;&#10;                            &lt;/li&gt;&#13;&#10;                    &lt;li&gt;&#13;&#10;                &lt;a href=&quot;#&quot;&gt;Tops&lt;/a&gt;&#13;&#10;                            &lt;/li&gt;&#13;&#10;            &lt;/ul&gt;" image_link=""/></blocks></column><column id_menu="16" is_breaker="0" column_size="4" sort_order="2"><blocks><block id_column="22" block_type="CATEGORY" image="" sort_order="1" enabled="1" id_categories="5,6,7,9,10" id_manufacturers="" id_products="" id_cmss="" display_title="1" title="Women’s Rings" title_link="" content="&lt;ul&gt;&#13;&#10;                    &lt;li&gt;&#13;&#10;                &lt;a href=&quot;#&quot;&gt;Blouses&lt;/a&gt;&#13;&#10;                            &lt;/li&gt;&#13;&#10;                    &lt;li&gt;&#13;&#10;                &lt;a href=&quot;#&quot;&gt;Casual Dresses&lt;/a&gt;&#13;&#10;                            &lt;/li&gt;&#13;&#10;                    &lt;li&gt;&#13;&#10;                &lt;a href=&quot;#&quot;&gt;Dresses&lt;/a&gt;&#13;&#10;                            &lt;/li&gt;&#13;&#10;                    &lt;li&gt;&#13;&#10;                &lt;a href=&quot;#&quot;&gt;T-shirts&lt;/a&gt;&#13;&#10;                            &lt;/li&gt;&#13;&#10;                    &lt;li&gt;&#13;&#10;                &lt;a href=&quot;#&quot;&gt;Tops&lt;/a&gt;&#13;&#10;                            &lt;/li&gt;&#13;&#10;            &lt;/ul&gt;" image_link=""/></blocks></column><column id_menu="16" is_breaker="0" column_size="4" sort_order="3"><blocks><block id_column="23" block_type="IMAGE" image="mergina.jpg" sort_order="1" enabled="1" id_categories="" id_manufacturers="" id_products="" id_cmss="" display_title="0" title="image" title_link="" content="" image_link=""/></blocks></column></columns></menu><menu id_menu="17" sort_order="3" enabled="1" id_cms="0" id_manufacturer="0" id_category="4" link_type="CATEGORY" sub_menu_type="FULL" sub_menu_max_width="100" custom_class="" bubble_text_color="#ffffff" bubble_background_color="#FC4444" title="Necklaces" link="#" bubble_text="" menu_link="https://etssoft.net/preview/themes/jewelry/en/4-tops"><columns><column id_menu="17" is_breaker="0" column_size="4" sort_order="1"><blocks><block id_column="24" block_type="CATEGORY" image="" sort_order="1" enabled="1" id_categories="5,6,7,9,10" id_manufacturers="" id_products="" id_cmss="" display_title="1" title="Silver" title_link="" content="" image_link=""/></blocks></column><column id_menu="17" is_breaker="0" column_size="4" sort_order="2"><blocks><block id_column="25" block_type="CATEGORY" image="" sort_order="1" enabled="1" id_categories="5,6,7,9,10" id_manufacturers="" id_products="" id_cmss="" display_title="1" title="Gold" title_link="" content="" image_link=""/></blocks></column><column id_menu="17" is_breaker="0" column_size="4" sort_order="3"><blocks><block id_column="26" block_type="IMAGE" image="jewellery-2.jpg" sort_order="1" enabled="1" id_categories="" id_manufacturers="" id_products="" id_cmss="" display_title="0" title="image" title_link="" content="" image_link=""/></blocks></column></columns></menu><menu id_menu="18" sort_order="4" enabled="1" id_cms="4" id_manufacturer="0" id_category="3" link_type="CATEGORY" sub_menu_type="FULL" sub_menu_max_width="100" custom_class="" bubble_text_color="#ffffff" bubble_background_color="#FC4444" title="Earrings" link="#" bubble_text="" menu_link="https://etssoft.net/preview/themes/jewelry/en/3-women"><columns/></menu><menu id_menu="19" sort_order="5" enabled="1" id_cms="0" id_manufacturer="0" id_category="0" link_type="CUSTOM" sub_menu_type="LEFT" sub_menu_max_width="23" custom_class="blog_contact" bubble_text_color="#ffffff" bubble_background_color="#FC4444" title="Blog" link="#" bubble_text="" menu_link="#"><columns><column id_menu="19" is_breaker="0" column_size="12" sort_order="1"><blocks><block id_column="27" block_type="HTML" image="" sort_order="1" enabled="1" id_categories="" id_manufacturers="" id_products="" id_cmss="" display_title="0" title="blog" title_link="" content="&lt;ul&gt;&#13;&#10;&#9;&lt;li&gt;&lt;a href=&quot;https://etssoft.net/preview/themes/jewelry/en/blog&quot;&gt;Main page&lt;/a&gt;&lt;/li&gt;&#13;&#10;&#9;&lt;li&gt;&lt;a href=&quot;https://etssoft.net/preview/themes/jewelry/en/blog/post/37-ut-enim-ad-minim-veniam.html&quot;&gt;Post page&lt;/a&gt;&lt;/li&gt;&#13;&#10;&#9;&lt;li&gt;&lt;a href=&quot;https://etssoft.net/preview/themes/jewelry/en/blog/category/1-sample-category.html&quot;&gt;Category page&lt;/a&gt;&lt;/li&gt;&#13;&#10;&#9;&lt;li&gt;&lt;a href=&quot;https://etssoft.net/preview/themes/jewelry/en/blog/author/1-super-admin&quot;&gt;Author page&lt;/a&gt;&lt;/li&gt;&#13;&#10;&lt;/ul&gt;" image_link=""/></blocks></column></columns></menu><menu id_menu="20" sort_order="6" enabled="1" id_cms="0" id_manufacturer="0" id_category="0" link_type="CONTACT" sub_menu_type="LEFT" sub_menu_max_width="23" custom_class="contact_menu blog_contact" bubble_text_color="#ffffff" bubble_background_color="#FC4444" title="Contact" link="" bubble_text="" menu_link="https://etssoft.net/preview/themes/jewelry/en/contact-us"><columns><column id_menu="20" is_breaker="0" column_size="12" sort_order="1"><blocks><block id_column="28" block_type="HTML" image="" sort_order="1" enabled="1" id_categories="" id_manufacturers="" id_products="" id_cmss="" display_title="0" title="contact demo" title_link="" content="&lt;ul&gt;&#13;&#10;&lt;li&gt;&lt;a href=&quot;https://etssoft.net/preview/themes/jewelry/en/contact-us?YBC_TC_CONTACT_FORM_LAYOUT=contact_layout1&quot;&gt;Contact page 1&lt;/a&gt;&lt;/li&gt;&#13;&#10;&lt;li&gt;&lt;a href=&quot;https://etssoft.net/preview/themes/jewelry/en/contact-us?YBC_TC_CONTACT_FORM_LAYOUT=contact_layout2&quot;&gt;Contact page 2&lt;/a&gt;&lt;/li&gt;&#13;&#10;&lt;li&gt;&lt;a href=&quot;https://etssoft.net/preview/themes/jewelry/en/contact-us?YBC_TC_CONTACT_FORM_LAYOUT=contact_layout3&quot;&gt;Contact page 3&lt;/a&gt;&lt;/li&gt;&#13;&#10;&lt;/ul&gt;" image_link=""/></blocks></column></columns></menu></menus>
