<?xml version="1.0" encoding="UTF-8"?>
<!-- Copyright ETS-Soft -->
<slides><slide obj="MLS_Slide" id_slide="5" image="slider1.jpg" repeat_x="0" repeat_y="0" sort_order="1" backgroud_color="#f6f6f6" custom_class="" enabled="1" animation_in="fadeIn" animation_out="fadeOut" title="Slide 1" link_img="/preview/themes/jewelry/modules/ets_multilayerslider/views/img/upload/slider1.jpg" max_layer_in="3500" max_layer_out="1200"><layers><layer obj="MLS_Layer" id_slide="5" layer_type="text" font_size="48.00" text_color="#ffffff" custom_class="" background_color="#F3F3F3" background_opacity="1.00" font_family="Herr Von Muellerhoff" font_weight="normal" text_decoration="none" text_transform="none" padding="5px 10px" box_radius="20" top="312.00" left="808.00" right="0.00" top_right="0.00" animation_in="slideInRight" animation_out="slideOutRight" width="" height="" sort_order="1" move_in="1000" move_out="500" stand_duration="0" start_delay="0" image="" content_layer="Jewelry Prestashop Theme" link="" link_image="/preview/themes/jewelry/modules/ets_multilayerslider/views/img/upload/"/><layer obj="MLS_Layer" id_slide="5" layer_type="text" font_size="60.00" text_color="#ffffff" custom_class="sub_title" background_color="#ec4249" background_opacity="1.00" font_family="Playfair Display" font_weight="normal" text_decoration="none" text_transform="none" padding="10px 20px" box_radius="20" top="409.00" left="613.00" right="0.00" top_right="0.00" animation_in="slideInRight" animation_out="slideOutRight" width="" height="" sort_order="2" move_in="1000" move_out="700" stand_duration="500" start_delay="900" image="" content_layer="Luxury Women’s Jewelry" link="#" link_image="/preview/themes/jewelry/modules/ets_multilayerslider/views/img/upload/"/><layer obj="MLS_Layer" id_slide="5" layer_type="button" font_size="14.00" text_color="#ffffff" custom_class="main_background" background_color="#fe8b90" background_opacity="1.00" font_family="Open Sans" font_weight="normal" text_decoration="none" text_transform="uppercase" padding="11px 30px" box_radius="20" top="501.00" left="876.00" right="0.00" top_right="0.00" animation_in="zoomIn" animation_out="zoomOut" width="" height="" sort_order="3" move_in="1000" move_out="500" stand_duration="500" start_delay="2500" image="" content_layer="Purchase Now" link="https://etssoft.net/preview/themes/jewelry/en/3-women" link_image="/preview/themes/jewelry/modules/ets_multilayerslider/views/img/upload/"/></layers></slide><slide obj="MLS_Slide" id_slide="6" image="slider2.jpg" repeat_x="0" repeat_y="0" sort_order="2" backgroud_color="#f6f6f6" custom_class="" enabled="1" animation_in="fadeIn" animation_out="fadeOut" title="Slide 2" link_img="/preview/themes/jewelry/modules/ets_multilayerslider/views/img/upload/slider2.jpg" max_layer_in="3500" max_layer_out="1200"><layers><layer obj="MLS_Layer" id_slide="6" layer_type="text" font_size="48.00" text_color="#ffffff" custom_class="" background_color="#F3F3F3" background_opacity="1.00" font_family="Herr Von Muellerhoff" font_weight="normal" text_decoration="none" text_transform="none" padding="5px 10px" box_radius="20" top="312.00" left="808.00" right="0.00" top_right="0.00" animation_in="slideInRight" animation_out="slideOutRight" width="" height="" sort_order="1" move_in="1000" move_out="500" stand_duration="0" start_delay="0" image="" content_layer="Jewelry Prestashop Theme" link="" link_image="/preview/themes/jewelry/modules/ets_multilayerslider/views/img/upload/"/><layer obj="MLS_Layer" id_slide="6" layer_type="text" font_size="60.00" text_color="#ffffff" custom_class="sub_title" background_color="#ec4249" background_opacity="1.00" font_family="Playfair Display" font_weight="normal" text_decoration="none" text_transform="none" padding="10px 20px" box_radius="20" top="409.00" left="613.00" right="0.00" top_right="0.00" animation_in="slideInRight" animation_out="slideOutRight" width="" height="" sort_order="2" move_in="1000" move_out="700" stand_duration="500" start_delay="900" image="" content_layer="Women’s jewelry collection" link="#" link_image="/preview/themes/jewelry/modules/ets_multilayerslider/views/img/upload/"/><layer obj="MLS_Layer" id_slide="6" layer_type="button" font_size="14.00" text_color="#ffffff" custom_class="main_background" background_color="#fe8b90" background_opacity="1.00" font_family="Open Sans" font_weight="normal" text_decoration="none" text_transform="uppercase" padding="11px 30px" box_radius="20" top="501.00" left="876.00" right="0.00" top_right="0.00" animation_in="zoomIn" animation_out="zoomOut" width="" height="" sort_order="3" move_in="1000" move_out="500" stand_duration="500" start_delay="2500" image="" content_layer="Purchase Now" link="https://etssoft.net/preview/themes/jewelry/en/4-tops" link_image="/preview/themes/jewelry/modules/ets_multilayerslider/views/img/upload/"/></layers></slide></slides>
